{
    "input_dim": 34,
    "num_classes": 2,
    "hidden_layers_config": [
        256,
        128
    ],
    "dropout_rates": [
        0.11091954816442136,
        0.47998209733463526
    ],
    "model_filename": "pytorch_dnn_model.pth",
    "lr": 0.00168002174856745,
    "optimizer": "RMSprop",
    "batch_size": 32
}