{
    "input_dim": 34,
    "num_classes": 2,
    "hidden_layers_config": [
        256,
        128
    ],
    "dropout_rates": [
        0.2350666541603549,
        0.11606463748614067
    ],
    "model_filename": "pytorch_dnn_model.pth",
    "lr": 0.002407773554612153,
    "optimizer": "RMSprop",
    "batch_size": 32
}